{
  "eye": {
    "orientation": [
      -0.48894044756889343,
      0.0573582760989666,
      0.029552865773439407,
      0.8699275851249695
    ],
    "magnitude": 0.5773502588272095,
    "position": [
      14.181349754333496,
      170.79835510253906,
      103.08622741699219
    ]
  },
  "paths": [],
  "ortho": false,
  "radius": 100,
  "visualHints": 1
}